train_loss,train_loss_step,train_loss_epoch,train_acc,train_acc_epoch,train_f1_score,train_f1_score_epoch,train_precision,train_precision_epoch,train_recall,train_recall_epoch,train_roc_auc,train_roc_auc_epoch,test_loss,test_acc,test_f1_score,test_precision,test_recall,test_roc_auc,test_false_positives_mean,test_false_negatives_mean,model_type,test_model_id,train_len,train_active_perc,train_inactive_perc,train_avg_tanimoto_dist,test_len,test_active_perc,test_inactive_perc,test_avg_tanimoto_dist,num_leaking_uniprot_train_test,num_leaking_smiles_train_test,perc_leaking_uniprot_train_test,perc_leaking_smiles_train_test,split_type
0.6903372406959534,0.6993520259857178,0.6903372406959534,0.5,0.5,0.0,0.0,0.0,0.0,0.0,0.0,0.7585446834564209,0.7585446834564209,0.6984297037124634,0.4864864945411682,0.0,0.0,0.0,0.5197368860244751,,0.4585081,Pytorch,0,682,0.5175953079178885,0.48240469208211145,0.3788338949669591,74,0.5135135135135135,0.4864864864864865,0.3931771532800226,0,10,0.0,0.017595307917888565,target
0.6927524209022522,0.6909015774726868,0.6927524209022522,0.5042492747306824,0.5042492747306824,0.03846153989434242,0.03846153989434242,0.6363636255264282,0.6363636255264282,0.01983002759516239,0.01983002759516239,0.5382917523384094,0.5382917523384094,0.6941623091697693,0.4864864945411682,0.0,0.0,0.0,0.46856725215911865,,0.48823395,Pytorch,1,682,0.5175953079178885,0.48240469208211145,0.3788338949669591,74,0.5135135135135135,0.4864864864864865,0.3931771532800226,0,10,0.0,0.017595307917888565,target
0.6943893432617188,0.6919904947280884,0.6943893432617188,0.5,0.5,0.0,0.0,0.0,0.0,0.0,0.0,0.5492380261421204,0.5492380261421204,0.6944284439086914,0.4864864945411682,0.0,0.0,0.0,0.3106725215911865,0.5337934,,Pytorch,2,682,0.5175953079178885,0.48240469208211145,0.3788338949669591,74,0.5135135135135135,0.4864864864864865,0.3931771532800226,0,10,0.0,0.017595307917888565,target
