test_acc,test_roc_auc,test_precision,test_recall,test_f1_score,train_len,train_active_perc,train_inactive_perc,train_avg_tanimoto_dist,test_len,test_active_perc,test_inactive_perc,test_avg_tanimoto_dist,num_leaking_uniprot_train_test,num_leaking_smiles_train_test,perc_leaking_uniprot_train_test,perc_leaking_smiles_train_test,val_len,val_active_perc,val_inactive_perc,val_avg_tanimoto_dist,num_leaking_uniprot_train_val,num_leaking_smiles_train_val,perc_leaking_uniprot_train_val,perc_leaking_smiles_train_val,cv_models,model_type,split_type
0.6705882549285889,0.719031572341919,0.695652186870575,0.4324324429035187,0.5333333611488342,772,0.5181347150259067,0.48186528497409326,0.37254018872057115,85,0.43529411764705883,0.5647058823529412,0.41994083559349743,22,0,0.5699481865284974,0.0,,,,,,,,,,Pytorch,similarity
0.6823529601097107,0.7460585832595825,0.8571428656578064,0.3243243098258972,0.47058823704719543,625,0.5072,0.4928,0.37186245455302663,85,0.43529411764705883,0.5647058823529412,0.41994083559349743,22,0,0.5696,0.0,147.0,0.564625850340136,0.43537414965986393,0.3754217115417634,35.0,0.0,0.9024,0.0,True,Pytorch,similarity
