train_loss,train_loss_step,train_loss_epoch,train_acc,train_acc_epoch,train_f1_score,train_f1_score_epoch,train_precision,train_precision_epoch,train_recall,train_recall_epoch,train_roc_auc,train_roc_auc_epoch,test_loss,test_acc,test_f1_score,test_precision,test_recall,test_roc_auc,model_type,test_model_id,train_len,train_active_perc,train_inactive_perc,train_avg_tanimoto_dist,test_len,test_active_perc,test_inactive_perc,test_avg_tanimoto_dist,num_leaking_uniprot_train_test,num_leaking_smiles_train_test,perc_leaking_uniprot_train_test,perc_leaking_smiles_train_test,split_type
0.17201505601406097,0.10714703798294067,0.17201505601406097,0.9269521236419678,0.9269521236419678,0.9267676472663879,0.9267676472663879,0.9291139245033264,0.9291139245033264,0.9244332313537598,0.9244332313537598,0.983763575553894,0.983763575553894,0.6113423705101013,0.7790697813034058,0.7816091775894165,0.7234042286872864,0.8500000238418579,0.8581522107124329,Pytorch,0,771,0.5149156939040207,0.48508430609597925,0.3768059369269877,86,0.46511627906976744,0.5348837209302325,0.38114673659326254,34,44,0.8326848249027238,0.10246433203631647,standard
0.15754066407680511,0.14218302071094513,0.15754066407680511,0.9496221542358398,0.9496221542358398,0.9501246809959412,0.9501246809959412,0.9407407641410828,0.9407407641410828,0.9596977233886719,0.9596977233886719,0.9883382320404053,0.9883382320404053,0.6699459552764893,0.7674418687820435,0.7727272510528564,0.7083333134651184,0.8500000238418579,0.833695650100708,Pytorch,1,771,0.5149156939040207,0.48508430609597925,0.3768059369269877,86,0.46511627906976744,0.5348837209302325,0.38114673659326254,34,44,0.8326848249027238,0.10246433203631647,standard
0.17485664784908295,0.12913715839385986,0.17485664784908295,0.9433249235153198,0.9433249235153198,0.9440993666648865,0.9440993666648865,0.9313725233078003,0.9313725233078003,0.9571788311004639,0.9571788311004639,0.9843060970306396,0.9843060970306396,0.6480329036712646,0.7790697813034058,0.791208803653717,0.7058823704719543,0.8999999761581421,0.8369565010070801,Pytorch,2,771,0.5149156939040207,0.48508430609597925,0.3768059369269877,86,0.46511627906976744,0.5348837209302325,0.38114673659326254,34,44,0.8326848249027238,0.10246433203631647,standard
