train_loss,train_loss_step,train_loss_epoch,train_acc,train_acc_epoch,train_f1_score,train_f1_score_epoch,train_precision,train_precision_epoch,train_recall,train_recall_epoch,train_roc_auc,train_roc_auc_epoch,test_loss,test_acc,test_f1_score,test_precision,test_recall,test_roc_auc,test_false_positives_mean,test_false_negatives_mean,model_type,test_model_id,train_len,train_active_perc,train_inactive_perc,train_avg_tanimoto_dist,test_len,test_active_perc,test_inactive_perc,test_avg_tanimoto_dist,num_leaking_uniprot_train_test,num_leaking_smiles_train_test,perc_leaking_uniprot_train_test,perc_leaking_smiles_train_test,split_type
0.5490851998329163,0.5361754298210144,0.5490851998329163,0.783823549747467,0.783823549747467,0.8052980303764343,0.8052980303764343,0.7543424367904663,0.7543424367904663,0.8636363744735718,0.8636363744735718,0.8621812462806702,0.8621812462806702,0.5610653162002563,0.7763158082962036,0.800000011920929,0.739130437374115,0.8717948794364929,0.8523908853530884,0.6242165,0.39045173,Pytorch,0,680,0.5176470588235295,0.4823529411764706,0.380247676548314,76,0.5131578947368421,0.4868421052631579,0.38015007443860815,31,25,0.7911764705882353,0.0661764705882353,standard
0.4473539888858795,0.43910127878189087,0.4473539888858795,0.8132352828979492,0.8132352828979492,0.8272109031677246,0.8272109031677246,0.7937336564064026,0.7937336564064026,0.8636363744735718,0.8636363744735718,0.9023264050483704,0.9023264050483704,0.5199456214904785,0.7894737124443054,0.8095238208770752,0.7555555701255798,0.8717948794364929,0.8212058544158936,0.69175154,0.26867715,Pytorch,1,680,0.5176470588235295,0.4823529411764706,0.380247676548314,76,0.5131578947368421,0.4868421052631579,0.38015007443860815,31,25,0.7911764705882353,0.0661764705882353,standard
0.5282858610153198,0.5267161726951599,0.5282858610153198,0.7985293865203857,0.7985293865203857,0.8165997266769409,0.8165997266769409,0.7721518874168396,0.7721518874168396,0.8664772510528564,0.8664772510528564,0.8745409250259399,0.8745409250259399,0.5420240163803101,0.7894737124443054,0.8095238208770752,0.7555555701255798,0.8717948794364929,0.8558558225631714,0.6303841,0.39699292,Pytorch,2,680,0.5176470588235295,0.4823529411764706,0.380247676548314,76,0.5131578947368421,0.4868421052631579,0.38015007443860815,31,25,0.7911764705882353,0.0661764705882353,standard
