test_acc,test_roc_auc,test_precision,test_recall,test_f1_score,train_len,train_active_perc,train_inactive_perc,train_avg_tanimoto_dist,test_len,test_active_perc,test_inactive_perc,test_avg_tanimoto_dist,num_leaking_uniprot_train_test,num_leaking_smiles_train_test,perc_leaking_uniprot_train_test,perc_leaking_smiles_train_test,val_len,val_active_perc,val_inactive_perc,val_avg_tanimoto_dist,num_leaking_uniprot_train_val,num_leaking_smiles_train_val,perc_leaking_uniprot_train_val,perc_leaking_smiles_train_val,cv_models,model_type,split_type
0.8023256063461304,0.842391312122345,0.7674418687820435,0.824999988079071,0.7951807379722595,771,0.5149156939040207,0.48508430609597925,0.3768059369269877,86,0.46511627906976744,0.5348837209302325,0.38114673659326254,34,44,0.8326848249027238,0.10246433203631647,,,,,,,,,,Pytorch,standard
0.8139534592628479,0.8581522107124329,0.8157894611358643,0.7749999761581421,0.7948718070983887,617,0.5153970826580226,0.4846029173419773,0.3775429487384129,86,0.46511627906976744,0.5348837209302325,0.38114673659326254,34,36,0.8379254457050244,0.10048622366288493,154.0,0.512987012987013,0.487012987012987,0.37385310389030385,40.0,70.0,0.9108589951377634,0.1766612641815235,True,Pytorch,standard
