test_acc,test_roc_auc,test_precision,test_recall,test_f1_score,test_false_negatives_mean,test_false_positives_mean,train_len,train_active_perc,train_inactive_perc,train_avg_tanimoto_dist,test_len,test_active_perc,test_inactive_perc,test_avg_tanimoto_dist,num_leaking_uniprot_train_test,num_leaking_smiles_train_test,perc_leaking_uniprot_train_test,perc_leaking_smiles_train_test,val_len,val_active_perc,val_inactive_perc,val_avg_tanimoto_dist,num_leaking_uniprot_train_val,num_leaking_smiles_train_val,perc_leaking_uniprot_train_val,perc_leaking_smiles_train_val,cv_models,model_type,split_type
0.8026315569877625,0.8392238616943359,0.7727272510528564,0.8717948794364929,0.8192771077156067,0.3520406,0.6363471,680,0.5176470588235295,0.4823529411764706,0.380247676548314,76,0.5131578947368421,0.4868421052631579,0.38015007443860815,31,25,0.7911764705882353,0.0661764705882353,,,,,,,,,,Pytorch,standard
0.75,0.8371448516845703,0.7941176295280457,0.692307710647583,0.7397260069847107,0.23100571,0.72746927,544,0.5165441176470589,0.4834558823529412,0.3800952528958573,76,0.5131578947368421,0.4868421052631579,0.38015007443860815,31,23,0.7849264705882353,0.06801470588235294,136.0,0.5220588235294118,0.47794117647058826,0.38085737115814094,41.0,44.0,0.8952205882352942,0.13419117647058823,True,Pytorch,standard
