train_loss,train_loss_step,train_loss_epoch,train_acc,train_acc_epoch,train_f1_score,train_f1_score_epoch,train_precision,train_precision_epoch,train_recall,train_recall_epoch,train_roc_auc,train_roc_auc_epoch,test_loss,test_acc,test_f1_score,test_precision,test_recall,test_roc_auc,model_type,test_model_id,train_len,train_active_perc,train_inactive_perc,train_avg_tanimoto_dist,test_len,test_active_perc,test_inactive_perc,test_avg_tanimoto_dist,num_leaking_uniprot_train_test,num_leaking_smiles_train_test,perc_leaking_uniprot_train_test,perc_leaking_smiles_train_test,split_type
0.450030654668808,0.5513136386871338,0.450030654668808,0.7966752052307129,0.7966752052307129,0.8024844527244568,0.8024844527244568,0.7801932096481323,0.7801932096481323,0.8260869383811951,0.8260869383811951,0.8705856204032898,0.8705856204032898,0.693348228931427,0.4941176474094391,0.4556961953639984,0.5454545617103577,0.3913043439388275,0.5200668573379517,Pytorch,0,772,0.5064766839378239,0.49352331606217614,0.3753049487934891,85,0.5411764705882353,0.4588235294117647,0.3948303088135829,0,6,0.0,0.011658031088082901,target
0.2950442433357239,0.4917863607406616,0.2950442433357239,0.8861892819404602,0.8861892819404602,0.8863345980644226,0.8863345980644226,0.8852040767669678,0.8852040767669678,0.8874680399894714,0.8874680399894714,0.9491892457008362,0.9491892457008362,0.7266279458999634,0.5176470875740051,0.5858585834503174,0.5471698045730591,0.6304348111152649,0.5222965478897095,Pytorch,1,772,0.5064766839378239,0.49352331606217614,0.3753049487934891,85,0.5411764705882353,0.4588235294117647,0.3948303088135829,0,6,0.0,0.011658031088082901,target
0.4042791724205017,0.2810002267360687,0.4042791724205017,0.8209718465805054,0.8209718465805054,0.8288508653640747,0.8288508653640747,0.7939109802246094,0.7939109802246094,0.8670076727867126,0.8670076727867126,0.9020283818244934,0.9020283818244934,0.6945956349372864,0.43529412150382996,0.4545454680919647,0.4761904776096344,0.43478259444236755,0.5061315298080444,Pytorch,2,772,0.5064766839378239,0.49352331606217614,0.3753049487934891,85,0.5411764705882353,0.4588235294117647,0.3948303088135829,0,6,0.0,0.011658031088082901,target
