train_loss,train_loss_step,train_loss_epoch,train_acc,train_acc_epoch,train_f1_score,train_f1_score_epoch,train_precision,train_precision_epoch,train_recall,train_recall_epoch,train_roc_auc,train_roc_auc_epoch,test_loss,test_acc,test_f1_score,test_precision,test_recall,test_roc_auc,model_type,test_model_id,train_len,train_active_perc,train_inactive_perc,train_avg_tanimoto_dist,test_len,test_active_perc,test_inactive_perc,test_avg_tanimoto_dist,num_leaking_uniprot_train_test,num_leaking_smiles_train_test,perc_leaking_uniprot_train_test,perc_leaking_smiles_train_test,split_type
0.4017638862133026,0.344000905752182,0.4017638862133026,0.8367875814437866,0.8367875814437866,0.8459657430648804,0.8459657430648804,0.8277512192726135,0.8277512192726135,0.8650000095367432,0.8650000095367432,0.9148252606391907,0.9148252606391907,0.6005323529243469,0.6941176652908325,0.59375,0.7037037014961243,0.5135135054588318,0.7325450778007507,Pytorch,0,772,0.5181347150259067,0.48186528497409326,0.37254018872057115,85,0.43529411764705883,0.5647058823529412,0.41994083559349743,22,0,0.5699481865284974,0.0,similarity
0.3759032189846039,0.984255850315094,0.3759032189846039,0.8380829095840454,0.8380829095840454,0.8488512635231018,0.8488512635231018,0.8220140337944031,0.8220140337944031,0.8774999976158142,0.8774999976158142,0.922681450843811,0.922681450843811,0.6176837086677551,0.7411764860153198,0.6944444179534912,0.7142857313156128,0.6756756901741028,0.7533783912658691,Pytorch,1,772,0.5181347150259067,0.48186528497409326,0.37254018872057115,85,0.43529411764705883,0.5647058823529412,0.41994083559349743,22,0,0.5699481865284974,0.0,similarity
0.4093809127807617,0.4656839370727539,0.4093809127807617,0.8225388526916504,0.8225388526916504,0.8281053900718689,0.8281053900718689,0.8312342762947083,0.8312342762947083,0.824999988079071,0.824999988079071,0.9107056260108948,0.9107056260108948,0.6214788556098938,0.6470588445663452,0.5161290168762207,0.6399999856948853,0.4324324429035187,0.7533783912658691,Pytorch,2,772,0.5181347150259067,0.48186528497409326,0.37254018872057115,85,0.43529411764705883,0.5647058823529412,0.41994083559349743,22,0,0.5699481865284974,0.0,similarity
