train_loss,train_loss_step,train_loss_epoch,train_acc,train_acc_epoch,train_f1_score,train_f1_score_epoch,train_precision,train_precision_epoch,train_recall,train_recall_epoch,train_roc_auc,train_roc_auc_epoch,test_loss,test_acc,test_f1_score,test_precision,test_recall,test_roc_auc,test_false_positives_mean,test_false_negatives_mean,model_type,test_model_id,train_len,train_active_perc,train_inactive_perc,train_avg_tanimoto_dist,test_len,test_active_perc,test_inactive_perc,test_avg_tanimoto_dist,num_leaking_uniprot_train_test,num_leaking_smiles_train_test,perc_leaking_uniprot_train_test,perc_leaking_smiles_train_test,split_type
0.5607394576072693,0.5410234332084656,0.5607394576072693,0.7973568439483643,0.7973568439483643,0.8093922734260559,0.8093922734260559,0.794037938117981,0.794037938117981,0.825352132320404,0.825352132320404,0.8599066734313965,0.8599066734313965,0.5837522745132446,0.7733333110809326,0.7384615540504456,0.8275862336158752,0.6666666865348816,0.8760684132575989,0.53866494,0.41882542,Pytorch,0,681,0.5212922173274597,0.4787077826725404,0.37677520705770307,75,0.48,0.52,0.41167879605189306,20,0,0.6005873715124816,0.0,similarity
0.5385866165161133,0.566205620765686,0.5385866165161133,0.781204104423523,0.781204104423523,0.8026490211486816,0.8026490211486816,0.7574999928474426,0.7574999928474426,0.8535211086273193,0.8535211086273193,0.8659898042678833,0.8659898042678833,0.5592154860496521,0.7599999904632568,0.75,0.75,0.75,0.8753560781478882,0.5732073,0.46292326,Pytorch,1,681,0.5212922173274597,0.4787077826725404,0.37677520705770307,75,0.48,0.52,0.41167879605189306,20,0,0.6005873715124816,0.0,similarity
0.5460560321807861,0.46501442790031433,0.5460560321807861,0.7914831042289734,0.7914831042289734,0.8091397881507874,0.8091397881507874,0.7737789154052734,0.7737789154052734,0.8478873372077942,0.8478873372077942,0.8641234040260315,0.8641234040260315,0.5538113117218018,0.8533333539962769,0.8533333539962769,0.8205128312110901,0.8888888955116272,0.8910256028175354,0.6332774,0.45942435,Pytorch,2,681,0.5212922173274597,0.4787077826725404,0.37677520705770307,75,0.48,0.52,0.41167879605189306,20,0,0.6005873715124816,0.0,similarity
