train_loss,train_loss_step,train_loss_epoch,train_acc,train_acc_epoch,train_f1_score,train_f1_score_epoch,train_precision,train_precision_epoch,train_recall,train_recall_epoch,train_roc_auc,train_roc_auc_epoch,test_loss,test_acc,test_f1_score,test_precision,test_recall,test_roc_auc,test_false_positives_mean,test_false_negatives_mean,model_type,test_model_id,train_len,train_active_perc,train_inactive_perc,train_avg_tanimoto_dist,test_len,test_active_perc,test_inactive_perc,test_avg_tanimoto_dist,num_leaking_uniprot_train_test,num_leaking_smiles_train_test,perc_leaking_uniprot_train_test,perc_leaking_smiles_train_test,split_type
0.3959083557128906,0.4602198600769043,0.3959083557128906,0.8220587968826294,0.8220587968826294,0.8401585221290588,0.8401585221290588,0.7851851582527161,0.7851851582527161,0.9034090638160706,0.9034090638160706,0.9088137149810791,0.9088137149810791,0.4672872722148895,0.7894737124443054,0.8095238208770752,0.7555555701255798,0.8717948794364929,0.8482328653335571,0.70472956,0.19241905,Pytorch,0,680,0.5176470588235295,0.4823529411764706,0.380247676548314,76,0.5131578947368421,0.4868421052631579,0.38015007443860815,31,25,0.7911764705882353,0.0661764705882353,standard
0.4104638993740082,0.5497878789901733,0.4104638993740082,0.8102940917015076,0.8102940917015076,0.8304861783981323,0.8304861783981323,0.7726161479949951,0.7726161479949951,0.8977272510528564,0.8977272510528564,0.8979091644287109,0.8979091644287109,0.46663275361061096,0.7631579041481018,0.7906976938247681,0.7234042286872864,0.8717948794364929,0.8551628589630127,0.7031638,0.27041584,Pytorch,1,680,0.5176470588235295,0.4823529411764706,0.380247676548314,76,0.5131578947368421,0.4868421052631579,0.38015007443860815,31,25,0.7911764705882353,0.0661764705882353,standard
0.3824659585952759,0.25148487091064453,0.3824659585952759,0.8397058844566345,0.8397058844566345,0.8492392897605896,0.8492392897605896,0.8274932503700256,0.8274932503700256,0.8721590638160706,0.8721590638160706,0.9088311195373535,0.9088311195373535,0.46127238869667053,0.7763158082962036,0.7951807379722595,0.75,0.8461538553237915,0.8516978621482849,0.6679949,0.22368306,Pytorch,2,680,0.5176470588235295,0.4823529411764706,0.380247676548314,76,0.5131578947368421,0.4868421052631579,0.38015007443860815,31,25,0.7911764705882353,0.0661764705882353,standard
