test_acc,test_roc_auc,test_precision,test_recall,test_f1_score,train_len,train_active_perc,train_inactive_perc,train_avg_tanimoto_dist,test_len,test_active_perc,test_inactive_perc,test_avg_tanimoto_dist,num_leaking_uniprot_train_test,num_leaking_smiles_train_test,perc_leaking_uniprot_train_test,perc_leaking_smiles_train_test,val_len,val_active_perc,val_inactive_perc,val_avg_tanimoto_dist,num_leaking_uniprot_train_val,num_leaking_smiles_train_val,perc_leaking_uniprot_train_val,perc_leaking_smiles_train_val,cv_models,model_type,split_type
0.4588235318660736,0.6198439002037048,0.5,0.260869562625885,0.34285715222358704,772,0.5064766839378239,0.49352331606217614,0.3753049487934891,85,0.5411764705882353,0.4588235294117647,0.3948303088135829,0,6,0.0,0.011658031088082901,,,,,,,,,,Pytorch,target
0.529411792755127,0.5836120843887329,0.6499999761581421,0.28260868787765503,0.39393940567970276,693,0.48484848484848486,0.5151515151515151,0.37709239560392765,85,0.5411764705882353,0.4588235294117647,0.3948303088135829,0,6,0.0,0.012987012987012988,79.0,0.6962025316455697,0.3037974683544304,0.35962519386141395,0.0,8.0,0.0,0.01443001443001443,True,Pytorch,target
