train_loss,train_loss_step,train_loss_epoch,train_acc,train_acc_epoch,train_f1_score,train_f1_score_epoch,train_precision,train_precision_epoch,train_recall,train_recall_epoch,train_roc_auc,train_roc_auc_epoch,test_loss,test_acc,test_f1_score,test_precision,test_recall,test_roc_auc,test_false_positives_mean,test_false_negatives_mean,model_type,test_model_id,train_len,train_active_perc,train_inactive_perc,train_avg_tanimoto_dist,test_len,test_active_perc,test_inactive_perc,test_avg_tanimoto_dist,num_leaking_uniprot_train_test,num_leaking_smiles_train_test,perc_leaking_uniprot_train_test,perc_leaking_smiles_train_test,split_type
0.37922704219818115,0.376356303691864,0.37922704219818115,0.8810198307037354,0.8810198307037354,0.8877005577087402,0.8877005577087402,0.8405063152313232,0.8405063152313232,0.9405099153518677,0.9405099153518677,0.9530692100524902,0.9530692100524902,0.7927806377410889,0.5,0.6476190686225891,0.5074626803398132,0.8947368264198303,0.48318713903427124,0.699834,0.35840726,Pytorch,0,682,0.5175953079178885,0.48240469208211145,0.3788338949669591,74,0.5135135135135135,0.4864864864864865,0.3931771532800226,0,10,0.0,0.017595307917888565,target
0.38322845101356506,0.4217737317085266,0.38322845101356506,0.9008498787879944,0.9008498787879944,0.9035812616348267,0.9035812616348267,0.8793565630912781,0.8793565630912781,0.9291784763336182,0.9291784763336182,0.9542809724807739,0.9542809724807739,0.7559520602226257,0.5,0.6476190686225891,0.5074626803398132,0.8947368264198303,0.47514623403549194,0.6589616,0.38624227,Pytorch,1,682,0.5175953079178885,0.48240469208211145,0.3788338949669591,74,0.5135135135135135,0.4864864864864865,0.3931771532800226,0,10,0.0,0.017595307917888565,target
0.3602490723133087,0.3501160442829132,0.3602490723133087,0.8923512697219849,0.8923512697219849,0.8964577913284302,0.8964577913284302,0.8635170459747314,0.8635170459747314,0.9320113062858582,0.9320113062858582,0.9524192214012146,0.9524192214012146,0.7764355540275574,0.5,0.6407766938209534,0.5076923370361328,0.8684210777282715,0.47660815715789795,0.6735792,0.3460555,Pytorch,2,682,0.5175953079178885,0.48240469208211145,0.3788338949669591,74,0.5135135135135135,0.4864864864864865,0.3931771532800226,0,10,0.0,0.017595307917888565,target
