train_loss,train_loss_step,train_loss_epoch,train_acc,train_acc_epoch,train_f1_score,train_f1_score_epoch,train_precision,train_precision_epoch,train_recall,train_recall_epoch,train_roc_auc,train_roc_auc_epoch,test_loss,test_acc,test_f1_score,test_precision,test_recall,test_roc_auc,model_type,test_model_id,train_len,train_active_perc,train_inactive_perc,train_avg_tanimoto_dist,test_len,test_active_perc,test_inactive_perc,test_avg_tanimoto_dist,num_leaking_uniprot_train_test,num_leaking_smiles_train_test,perc_leaking_uniprot_train_test,perc_leaking_smiles_train_test,split_type
0.4496690630912781,0.4443851709365845,0.4496690630912781,0.7979539632797241,0.7979539632797241,0.8212669491767883,0.8212669491767883,0.7363083362579346,0.7363083362579346,0.928388774394989,0.928388774394989,0.8995754718780518,0.8995754718780518,0.6764252781867981,0.6117647290229797,0.6796116232872009,0.6140350699424744,0.760869562625885,0.5897436141967773,Pytorch,0,772,0.5064766839378239,0.49352331606217614,0.3753049487934891,85,0.5411764705882353,0.4588235294117647,0.3948303088135829,0,6,0.0,0.011658031088082901,target
0.4552396833896637,0.7064698338508606,0.4552396833896637,0.7928388714790344,0.7928388714790344,0.8163265585899353,0.8163265585899353,0.7331975698471069,0.7331975698471069,0.9207161068916321,0.9207161068916321,0.9089422225952148,0.9089422225952148,0.6711596250534058,0.5882353186607361,0.6236559152603149,0.6170212626457214,0.6304348111152649,0.6008918881416321,Pytorch,1,772,0.5064766839378239,0.49352331606217614,0.3753049487934891,85,0.5411764705882353,0.4588235294117647,0.3948303088135829,0,6,0.0,0.011658031088082901,target
0.4819375276565552,0.47361791133880615,0.4819375276565552,0.790281355381012,0.790281355381012,0.8114942312240601,0.8114942312240601,0.736952006816864,0.736952006816864,0.9028133153915405,0.9028133153915405,0.8872129917144775,0.8872129917144775,0.7125298976898193,0.47058823704719543,0.3661971688270569,0.5199999809265137,0.28260868787765503,0.5791527032852173,Pytorch,2,772,0.5064766839378239,0.49352331606217614,0.3753049487934891,85,0.5411764705882353,0.4588235294117647,0.3948303088135829,0,6,0.0,0.011658031088082901,target
