train_loss,train_loss_step,train_loss_epoch,train_acc,train_acc_epoch,train_f1_score,train_f1_score_epoch,train_precision,train_precision_epoch,train_recall,train_recall_epoch,train_roc_auc,train_roc_auc_epoch,test_loss,test_acc,test_f1_score,test_precision,test_recall,test_roc_auc,test_false_positives_mean,test_false_negatives_mean,model_type,test_model_id,train_len,train_active_perc,train_inactive_perc,train_avg_tanimoto_dist,test_len,test_active_perc,test_inactive_perc,test_avg_tanimoto_dist,num_leaking_uniprot_train_test,num_leaking_smiles_train_test,perc_leaking_uniprot_train_test,perc_leaking_smiles_train_test,split_type
0.4773344099521637,0.4540194571018219,0.4773344099521637,0.8338235020637512,0.8338235020637512,0.8470906615257263,0.8470906615257263,0.8087855577468872,0.8087855577468872,0.8892045617103577,0.8892045617103577,0.9001091718673706,0.9001091718673706,0.5303460359573364,0.7763158082962036,0.800000011920929,0.739130437374115,0.8717948794364929,0.8357588052749634,0.6446755,0.43377623,Pytorch,0,680,0.5176470588235295,0.4823529411764706,0.380247676548314,76,0.5131578947368421,0.4868421052631579,0.38015007443860815,31,25,0.7911764705882353,0.0661764705882353,standard
0.5482557415962219,0.5855959057807922,0.5482557415962219,0.8088235259056091,0.8088235259056091,0.8214285969734192,0.8214285969734192,0.7952127456665039,0.7952127456665039,0.8494318127632141,0.8494318127632141,0.8740905523300171,0.8740905523300171,0.5812738537788391,0.7894737124443054,0.8222222328186035,0.7254902124404907,0.9487179517745972,0.814275860786438,0.6183254,0.4819944,Pytorch,1,680,0.5176470588235295,0.4823529411764706,0.380247676548314,76,0.5131578947368421,0.4868421052631579,0.38015007443860815,31,25,0.7911764705882353,0.0661764705882353,standard
0.4459720253944397,0.511990487575531,0.4459720253944397,0.8294117450714111,0.8294117450714111,0.8415300250053406,0.8415300250053406,0.8105263113975525,0.8105263113975525,0.875,0.875,0.8933446407318115,0.8933446407318115,0.5146187543869019,0.7631579041481018,0.7954545617103577,0.7142857313156128,0.8974359035491943,0.8212057948112488,0.6856386,0.38175708,Pytorch,2,680,0.5176470588235295,0.4823529411764706,0.380247676548314,76,0.5131578947368421,0.4868421052631579,0.38015007443860815,31,25,0.7911764705882353,0.0661764705882353,standard
