train_loss,train_loss_step,train_loss_epoch,train_acc,train_acc_epoch,train_f1_score,train_f1_score_epoch,train_precision,train_precision_epoch,train_recall,train_recall_epoch,train_roc_auc,train_roc_auc_epoch,test_loss,test_acc,test_f1_score,test_precision,test_recall,test_roc_auc,test_false_positives_mean,test_false_negatives_mean,model_type,test_model_id,train_len,train_active_perc,train_inactive_perc,train_avg_tanimoto_dist,test_len,test_active_perc,test_inactive_perc,test_avg_tanimoto_dist,num_leaking_uniprot_train_test,num_leaking_smiles_train_test,perc_leaking_uniprot_train_test,perc_leaking_smiles_train_test,split_type
0.44617733359336853,0.45845332741737366,0.44617733359336853,0.7973568439483643,0.7973568439483643,0.8212435245513916,0.8212435245513916,0.7601918578147888,0.7601918578147888,0.8929577469825745,0.8929577469825745,0.885206937789917,0.885206937789917,0.5969659686088562,0.6666666865348816,0.6987951993942261,0.6170212626457214,0.8055555820465088,0.7571225166320801,0.63417935,0.23401019,Pytorch,0,681,0.5212922173274597,0.4787077826725404,0.37677520705770307,75,0.48,0.52,0.41167879605189306,20,0,0.6005873715124816,0.0,similarity
0.48503509163856506,0.45093679428100586,0.48503509163856506,0.7914831042289734,0.7914831042289734,0.8131579160690308,0.8131579160690308,0.7629629373550415,0.7629629373550415,0.8704225420951843,0.8704225420951843,0.882450520992279,0.882450520992279,0.6121749877929688,0.653333306312561,0.675000011920929,0.6136363744735718,0.75,0.7165242433547974,0.6347713,0.3466126,Pytorch,1,681,0.5212922173274597,0.4787077826725404,0.37677520705770307,75,0.48,0.52,0.41167879605189306,20,0,0.6005873715124816,0.0,similarity
0.464314341545105,0.5098398327827454,0.464314341545105,0.7767988443374634,0.7767988443374634,0.7989417910575867,0.7989417910575867,0.7531172037124634,0.7531172037124634,0.8507042527198792,0.8507042527198792,0.880739688873291,0.880739688873291,0.5087927579879761,0.7866666913032532,0.7714285850524902,0.7941176295280457,0.75,0.8504273295402527,0.63235295,0.35413992,Pytorch,2,681,0.5212922173274597,0.4787077826725404,0.37677520705770307,75,0.48,0.52,0.41167879605189306,20,0,0.6005873715124816,0.0,similarity
