train_loss,train_loss_step,train_loss_epoch,train_acc,train_acc_epoch,train_f1_score,train_f1_score_epoch,train_precision,train_precision_epoch,train_recall,train_recall_epoch,train_roc_auc,train_roc_auc_epoch,test_loss,test_acc,test_f1_score,test_precision,test_recall,test_roc_auc,test_false_positives_mean,test_false_negatives_mean,model_type,test_model_id,train_len,train_active_perc,train_inactive_perc,train_avg_tanimoto_dist,test_len,test_active_perc,test_inactive_perc,test_avg_tanimoto_dist,num_leaking_uniprot_train_test,num_leaking_smiles_train_test,perc_leaking_uniprot_train_test,perc_leaking_smiles_train_test,split_type
0.5493216514587402,0.5662259459495544,0.5493216514587402,0.7932011485099792,0.7932011485099792,0.8021680116653442,0.8021680116653442,0.768831193447113,0.768831193447113,0.8385269045829773,0.8385269045829773,0.893916130065918,0.893916130065918,0.6825149059295654,0.5135135054588318,0.5609756112098694,0.5227272510528564,0.6052631735801697,0.5716373920440674,0.5565613,0.45007616,Pytorch,0,682,0.5175953079178885,0.48240469208211145,0.3788338949669591,74,0.5135135135135135,0.4864864864864865,0.3931771532800226,0,10,0.0,0.017595307917888565,target
0.40587344765663147,0.359700083732605,0.40587344765663147,0.854107677936554,0.854107677936554,0.8628495335578918,0.8628495335578918,0.8140703439712524,0.8140703439712524,0.9178470373153687,0.9178470373153687,0.9422513246536255,0.9422513246536255,0.6712493896484375,0.5405405163764954,0.5405405163764954,0.5555555820465088,0.5263158082962036,0.625,0.64733255,0.44019347,Pytorch,1,682,0.5175953079178885,0.48240469208211145,0.3788338949669591,74,0.5135135135135135,0.4864864864864865,0.3931771532800226,0,10,0.0,0.017595307917888565,target
0.34684011340141296,0.3367772102355957,0.34684011340141296,0.8852691054344177,0.8852691054344177,0.8897958993911743,0.8897958993911743,0.8560209274291992,0.8560209274291992,0.9263455867767334,0.9263455867767334,0.9539197683334351,0.9539197683334351,0.6742619276046753,0.5810810923576355,0.6593406796455383,0.5660377144813538,0.7894737124443054,0.6505848169326782,0.63708025,0.44590575,Pytorch,2,682,0.5175953079178885,0.48240469208211145,0.3788338949669591,74,0.5135135135135135,0.4864864864864865,0.3931771532800226,0,10,0.0,0.017595307917888565,target
