train_loss,train_loss_step,train_loss_epoch,train_acc,train_acc_epoch,train_f1_score,train_f1_score_epoch,train_precision,train_precision_epoch,train_recall,train_recall_epoch,train_roc_auc,train_roc_auc_epoch,test_loss,test_acc,test_f1_score,test_precision,test_recall,test_roc_auc,model_type,test_model_id,train_len,train_active_perc,train_inactive_perc,train_avg_tanimoto_dist,test_len,test_active_perc,test_inactive_perc,test_avg_tanimoto_dist,num_leaking_uniprot_train_test,num_leaking_smiles_train_test,perc_leaking_uniprot_train_test,perc_leaking_smiles_train_test,split_type
0.39069053530693054,0.43579256534576416,0.39069053530693054,0.8264248967170715,0.8264248967170715,0.8438228368759155,0.8438228368759155,0.7903929948806763,0.7903929948806763,0.9049999713897705,0.9049999713897705,0.9109475612640381,0.9109475612640381,0.6586668491363525,0.6352941393852234,0.6172839403152466,0.5681818127632141,0.6756756901741028,0.6283783912658691,Pytorch,0,772,0.5181347150259067,0.48186528497409326,0.37254018872057115,85,0.43529411764705883,0.5647058823529412,0.41994083559349743,22,0,0.5699481865284974,0.0,similarity
0.36207717657089233,0.45610103011131287,0.36207717657089233,0.8549222946166992,0.8549222946166992,0.8627451062202454,0.8627451062202454,0.8461538553237915,0.8461538553237915,0.8799999952316284,0.8799999952316284,0.9276814460754395,0.9276814460754395,0.5743480324745178,0.7882353067398071,0.7272727489471436,0.8275862336158752,0.6486486196517944,0.829954981803894,Pytorch,1,772,0.5181347150259067,0.48186528497409326,0.37254018872057115,85,0.43529411764705883,0.5647058823529412,0.41994083559349743,22,0,0.5699481865284974,0.0,similarity
0.4010480046272278,0.3989398181438446,0.4010480046272278,0.8160621523857117,0.8160621523857117,0.8386363387107849,0.8386363387107849,0.768750011920929,0.768750011920929,0.9225000143051147,0.9225000143051147,0.9080107808113098,0.9080107808113098,0.7289275527000427,0.6941176652908325,0.5806451439857483,0.7200000286102295,0.4864864945411682,0.6914414167404175,Pytorch,2,772,0.5181347150259067,0.48186528497409326,0.37254018872057115,85,0.43529411764705883,0.5647058823529412,0.41994083559349743,22,0,0.5699481865284974,0.0,similarity
