train_loss,train_loss_step,train_loss_epoch,train_acc,train_acc_epoch,train_f1_score,train_f1_score_epoch,train_precision,train_precision_epoch,train_recall,train_recall_epoch,train_roc_auc,train_roc_auc_epoch,test_loss,test_acc,test_f1_score,test_precision,test_recall,test_roc_auc,model_type,test_model_id,train_len,train_active_perc,train_inactive_perc,train_avg_tanimoto_dist,test_len,test_active_perc,test_inactive_perc,test_avg_tanimoto_dist,num_leaking_uniprot_train_test,num_leaking_smiles_train_test,perc_leaking_uniprot_train_test,perc_leaking_smiles_train_test,split_type
0.4093412458896637,0.7625860571861267,0.4093412458896637,0.8119325637817383,0.8119325637817383,0.828807532787323,0.828807532787323,0.7799999713897705,0.7799999713897705,0.8841309547424316,0.8841309547424316,0.8998437523841858,0.8998437523841858,0.6199513673782349,0.6279069781303406,0.6595744490623474,0.5740740895271301,0.7749999761581421,0.747826099395752,Pytorch,0,771,0.5149156939040207,0.48508430609597925,0.3768059369269877,86,0.46511627906976744,0.5348837209302325,0.38114673659326254,34,44,0.8326848249027238,0.10246433203631647,standard
0.392072468996048,0.457777202129364,0.392072468996048,0.801556408405304,0.801556408405304,0.8214702606201172,0.8214702606201172,0.7652173638343811,0.7652173638343811,0.8866498470306396,0.8866498470306396,0.909616231918335,0.909616231918335,0.6019361019134521,0.6744186282157898,0.7083333134651184,0.6071428656578064,0.8500000238418579,0.748913049697876,Pytorch,1,771,0.5149156939040207,0.48508430609597925,0.3768059369269877,86,0.46511627906976744,0.5348837209302325,0.38114673659326254,34,44,0.8326848249027238,0.10246433203631647,standard
0.4049241542816162,0.757534384727478,0.4049241542816162,0.7976653575897217,0.7976653575897217,0.8151658773422241,0.8151658773422241,0.7695749402046204,0.7695749402046204,0.8664987683296204,0.8664987683296204,0.901790201663971,0.901790201663971,0.626381516456604,0.6744186282157898,0.6888889074325562,0.6200000047683716,0.7749999761581421,0.7130434513092041,Pytorch,2,771,0.5149156939040207,0.48508430609597925,0.3768059369269877,86,0.46511627906976744,0.5348837209302325,0.38114673659326254,34,44,0.8326848249027238,0.10246433203631647,standard
