train_loss,train_loss_step,train_loss_epoch,train_acc,train_acc_epoch,train_f1_score,train_f1_score_epoch,train_precision,train_precision_epoch,train_recall,train_recall_epoch,train_roc_auc,train_roc_auc_epoch,test_loss,test_acc,test_f1_score,test_precision,test_recall,test_roc_auc,test_false_positives_mean,test_false_negatives_mean,model_type,test_model_id,train_len,train_active_perc,train_inactive_perc,train_avg_tanimoto_dist,test_len,test_active_perc,test_inactive_perc,test_avg_tanimoto_dist,num_leaking_uniprot_train_test,num_leaking_smiles_train_test,perc_leaking_uniprot_train_test,perc_leaking_smiles_train_test,split_type
0.6910625696182251,0.6916331052780151,0.6910625696182251,0.538913369178772,0.538913369178772,0.6782786846160889,0.6782786846160889,0.533011257648468,0.533011257648468,0.9323943853378296,0.9323943853378296,0.576678454875946,0.576678454875946,0.6928918361663818,0.5199999809265137,0.0,0.0,0.0,0.688034176826477,0.50773776,,Pytorch,0,681,0.5212922173274597,0.4787077826725404,0.37677520705770307,75,0.48,0.52,0.41167879605189306,20,0,0.6005873715124816,0.0,similarity
0.6890326738357544,0.6879385709762573,0.6890326738357544,0.541850209236145,0.541850209236145,0.6935166716575623,0.6935166716575623,0.5324283838272095,0.5324283838272095,0.9943661689758301,0.9943661689758301,0.683897852897644,0.683897852897644,0.6941311955451965,0.4533333480358124,0.6238532066345215,0.465753436088562,0.9444444179534912,0.6075499057769775,0.5104185,0.4951702,Pytorch,1,681,0.5212922173274597,0.4787077826725404,0.37677520705770307,75,0.48,0.52,0.41167879605189306,20,0,0.6005873715124816,0.0,similarity
0.6908318996429443,0.6920225620269775,0.6908318996429443,0.610866367816925,0.610866367816925,0.6571798324584961,0.6571798324584961,0.6076555252075195,0.6076555252075195,0.7154929637908936,0.7154929637908936,0.6380800008773804,0.6380800008773804,0.693260669708252,0.4399999976158142,0.5625,0.44999998807907104,0.75,0.5427350401878357,0.5016283,0.49758524,Pytorch,2,681,0.5212922173274597,0.4787077826725404,0.37677520705770307,75,0.48,0.52,0.41167879605189306,20,0,0.6005873715124816,0.0,similarity
