cv_models,test_acc,test_roc_auc,test_precision,test_recall,test_f1,train_len,train_active_perc,train_inactive_perc,train_avg_tanimoto_dist,test_len,test_active_perc,test_inactive_perc,test_avg_tanimoto_dist,num_leaking_uniprot_train_test,num_leaking_smiles_train_test,perc_leaking_uniprot_train_test,perc_leaking_smiles_train_test,val_len,val_active_perc,val_inactive_perc,val_avg_tanimoto_dist,num_leaking_uniprot_train_val,num_leaking_smiles_train_val,perc_leaking_uniprot_train_val,perc_leaking_smiles_train_val,model_type,split_type
False,0.7674418687820435,0.820652186870575,0.699999988079071,0.875,0.7777777910232544,771,0.5149156939040207,0.48508430609597925,0.3768059369269877,86,0.46511627906976744,0.5348837209302325,0.38114673659326254,34,44,0.8326848249027238,0.10246433203631647,,,,,,,,,Pytorch,random
True,0.7790697813034058,0.85326087474823,0.7560975551605225,0.7749999761581421,0.7654321193695068,617,0.5153970826580226,0.4846029173419773,0.37754294873841293,86,0.46511627906976744,0.5348837209302325,0.38114673659326254,34,36,0.8379254457050244,0.10048622366288493,154.0,0.512987012987013,0.487012987012987,0.37385310389030396,40.0,70.0,0.9108589951377634,0.1766612641815235,Pytorch,random
