test_acc,test_roc_auc,test_precision,test_recall,test_f1,train_len,train_active_perc,train_inactive_perc,train_avg_tanimoto_dist,test_len,test_active_perc,test_inactive_perc,test_avg_tanimoto_dist,num_leaking_uniprot_train_test,num_leaking_smiles_train_test,perc_leaking_uniprot_train_test,perc_leaking_smiles_train_test,val_len,val_active_perc,val_inactive_perc,val_avg_tanimoto_dist,num_leaking_uniprot_train_val,num_leaking_smiles_train_val,perc_leaking_uniprot_train_val,perc_leaking_smiles_train_val,cv_models,model_type,split_type
0.6470588445663452,0.672798216342926,0.7105262875556946,0.5869565010070801,0.6428571343421936,772,0.5064766839378239,0.49352331606217614,0.3753049487934892,85,0.5411764705882353,0.4588235294117647,0.39483030881358294,0,6,0.0,0.011658031088082901,,,,,,,,,,Pytorch,uniprot
0.5529412031173706,0.6220735311508179,0.7857142686843872,0.239130437374115,0.36666667461395264,693,0.48484848484848486,0.5151515151515151,0.37709239560392777,85,0.5411764705882353,0.4588235294117647,0.39483030881358294,0,6,0.0,0.012987012987012988,79.0,0.6962025316455697,0.3037974683544304,0.359625193861414,0.0,8.0,0.0,0.01443001443001443,True,Pytorch,uniprot
