cv_models,test_acc,test_roc_auc,test_precision,test_recall,test_f1,train_len,train_active_perc,train_inactive_perc,train_avg_tanimoto_dist,test_len,test_active_perc,test_inactive_perc,test_avg_tanimoto_dist,num_leaking_uniprot_train_test,num_leaking_smiles_train_test,perc_leaking_uniprot_train_test,perc_leaking_smiles_train_test,val_len,val_active_perc,val_inactive_perc,val_avg_tanimoto_dist,num_leaking_uniprot_train_val,num_leaking_smiles_train_val,perc_leaking_uniprot_train_val,perc_leaking_smiles_train_val,model_type,split_type
False,0.5647059082984924,0.6438126564025879,0.6097561120986938,0.54347825050354,0.5747126340866089,772,0.5064766839378239,0.49352331606217614,0.3753049487934892,85,0.5411764705882353,0.4588235294117647,0.39483030881358294,0,6,0.0,0.011658031088082901,,,,,,,,,Pytorch,uniprot
True,0.5529412031173706,0.6170569062232971,0.6666666865348816,0.3478260934352875,0.4571428596973419,693,0.48484848484848486,0.5151515151515151,0.37709239560392777,85,0.5411764705882353,0.4588235294117647,0.39483030881358294,0,6,0.0,0.012987012987012988,79.0,0.6962025316455697,0.3037974683544304,0.359625193861414,0.0,8.0,0.0,0.01443001443001443,Pytorch,uniprot
