cv_models,test_acc,test_roc_auc,test_precision,test_recall,test_f1,train_len,train_active_perc,train_inactive_perc,train_avg_tanimoto_dist,test_len,test_active_perc,test_inactive_perc,test_avg_tanimoto_dist,num_leaking_uniprot_train_test,num_leaking_smiles_train_test,perc_leaking_uniprot_train_test,perc_leaking_smiles_train_test,val_len,val_active_perc,val_inactive_perc,val_avg_tanimoto_dist,num_leaking_uniprot_train_val,num_leaking_smiles_train_val,perc_leaking_uniprot_train_val,perc_leaking_smiles_train_val,model_type,split_type
False,0.6941176652908325,0.7972972989082336,0.7894737124443054,0.4054054021835327,0.5357142686843872,772,0.5181347150259067,0.48186528497409326,0.37254018872057115,85,0.43529411764705883,0.5647058823529412,0.4199408355934975,22,0,0.5699481865284974,0.0,,,,,,,,,Pytorch,tanimoto
True,0.729411780834198,0.8288288116455078,0.9375,0.4054054021835327,0.5660377144813538,625,0.5072,0.4928,0.3718624545530267,85,0.43529411764705883,0.5647058823529412,0.4199408355934975,22,0,0.5696,0.0,147.0,0.564625850340136,0.43537414965986393,0.3754217115417634,35.0,0.0,0.9024,0.0,Pytorch,tanimoto
