cv_models,test_acc,test_roc_auc,test_precision,test_recall,test_f1,train_len,train_active_perc,train_inactive_perc,train_avg_tanimoto_dist,test_len,test_active_perc,test_inactive_perc,test_avg_tanimoto_dist,num_leaking_uniprot_train_test,num_leaking_smiles_train_test,perc_leaking_uniprot_train_test,perc_leaking_smiles_train_test,val_len,val_active_perc,val_inactive_perc,val_avg_tanimoto_dist,num_leaking_uniprot_train_val,num_leaking_smiles_train_val,perc_leaking_uniprot_train_val,perc_leaking_smiles_train_val,model_type,split_type
False,0.7325581312179565,0.8065217137336731,0.6545454263687134,0.8999999761581421,0.75789475440979,771,0.5149156939040207,0.48508430609597925,0.3768059369269877,86,0.46511627906976744,0.5348837209302325,0.38114673659326254,34,44,0.8326848249027238,0.10246433203631647,,,,,,,,,Pytorch,random
True,0.8372092843055725,0.864673912525177,0.8095238208770752,0.8500000238418579,0.8292682766914368,617,0.5153970826580226,0.4846029173419773,0.37754294873841293,86,0.46511627906976744,0.5348837209302325,0.38114673659326254,34,36,0.8379254457050244,0.10048622366288493,154.0,0.512987012987013,0.487012987012987,0.37385310389030396,40.0,70.0,0.9108589951377634,0.1766612641815235,Pytorch,random
