train_loss,train_loss_step,train_loss_epoch,train_acc,train_acc_epoch,train_f1_score,train_f1_score_epoch,train_precision,train_precision_epoch,train_recall,train_recall_epoch,train_roc_auc,train_roc_auc_epoch,test_loss,test_acc,test_f1_score,test_precision,test_recall,test_roc_auc,test_false_positives_mean,test_false_negatives_mean,model_type,test_model_id,train_len,train_active_perc,train_inactive_perc,train_avg_tanimoto_dist,test_len,test_active_perc,test_inactive_perc,test_avg_tanimoto_dist,num_leaking_uniprot_train_test,num_leaking_smiles_train_test,perc_leaking_uniprot_train_test,perc_leaking_smiles_train_test,split_type
0.34580159187316895,0.31927424669265747,0.34580159187316895,0.8485293984413147,0.8485293984413147,0.8567454814910889,0.8567454814910889,0.8392370343208313,0.8392370343208313,0.875,0.875,0.9269418716430664,0.9269418716430664,0.4448973536491394,0.8157894611358643,0.8292682766914368,0.7906976938247681,0.8717948794364929,0.8759528994560242,0.71658945,0.16626728,Pytorch,0,680,0.5176470588235295,0.4823529411764706,0.380247676548314,76,0.5131578947368421,0.4868421052631579,0.38015007443860815,31,25,0.7911764705882353,0.0661764705882353,standard
0.34744277596473694,0.3354274034500122,0.34744277596473694,0.8500000238418579,0.8500000238418579,0.8598901033401489,0.8598901033401489,0.832446813583374,0.832446813583374,0.8892045617103577,0.8892045617103577,0.9303717613220215,0.9303717613220215,0.4607047140598297,0.7763158082962036,0.790123462677002,0.761904776096344,0.8205128312110901,0.8690228462219238,0.71862686,0.28298002,Pytorch,1,680,0.5176470588235295,0.4823529411764706,0.380247676548314,76,0.5131578947368421,0.4868421052631579,0.38015007443860815,31,25,0.7911764705882353,0.0661764705882353,standard
0.34551653265953064,0.42526480555534363,0.34551653265953064,0.8426470756530762,0.8426470756530762,0.8548168540000916,0.8548168540000916,0.8181818127632141,0.8181818127632141,0.8948863744735718,0.8948863744735718,0.9305276274681091,0.9305276274681091,0.45813310146331787,0.8157894611358643,0.8333333134651184,0.7777777910232544,0.8974359035491943,0.8704088926315308,0.74199754,0.1295031,Pytorch,2,680,0.5176470588235295,0.4823529411764706,0.380247676548314,76,0.5131578947368421,0.4868421052631579,0.38015007443860815,31,25,0.7911764705882353,0.0661764705882353,standard
