hidden_dim,smote_k_neighbors,learning_rate,beta1,beta2,eps,split_type
32,12,0.020156289472601577,0.9485936035276588,0.9430742497163439,0.0016579913932080182,target
