train_loss,train_loss_step,train_loss_epoch,train_acc,train_acc_epoch,train_f1_score,train_f1_score_epoch,train_precision,train_precision_epoch,train_recall,train_recall_epoch,train_roc_auc,train_roc_auc_epoch,test_loss,test_acc,test_f1_score,test_precision,test_recall,test_roc_auc,test_false_positives_mean,test_false_negatives_mean,model_type,test_model_id,train_len,train_active_perc,train_inactive_perc,train_avg_tanimoto_dist,test_len,test_active_perc,test_inactive_perc,test_avg_tanimoto_dist,num_leaking_uniprot_train_test,num_leaking_smiles_train_test,perc_leaking_uniprot_train_test,perc_leaking_smiles_train_test,split_type
0.5094420313835144,0.4996194839477539,0.5094420313835144,0.7818697094917297,0.7818697094917297,0.7973684072494507,0.7973684072494507,0.7444717288017273,0.7444717288017273,0.8583569526672363,0.8583569526672363,0.8542962074279785,0.8542962074279785,0.7194603085517883,0.5675675868988037,0.6279069781303406,0.5625,0.7105262875556946,0.5321637392044067,0.64952695,0.38152334,Pytorch,0,682,0.5175953079178885,0.48240469208211145,0.3788338949669591,74,0.5135135135135135,0.4864864864864865,0.3931771532800226,0,10,0.0,0.017595307917888565,target
0.552097499370575,0.5654842853546143,0.552097499370575,0.7776203751564026,0.7776203751564026,0.7974193692207336,0.7974193692207336,0.7322275042533875,0.7322275042533875,0.8753541111946106,0.8753541111946106,0.813946008682251,0.813946008682251,0.6997997164726257,0.5540540814399719,0.6206896305084229,0.5510203838348389,0.7105262875556946,0.5365496873855591,0.59082973,0.40322676,Pytorch,1,682,0.5175953079178885,0.48240469208211145,0.3788338949669591,74,0.5135135135135135,0.4864864864864865,0.3931771532800226,0,10,0.0,0.017595307917888565,target
0.46405160427093506,0.434063583612442,0.46405160427093506,0.8130311369895935,0.8130311369895935,0.8225806355476379,0.8225806355476379,0.782608687877655,0.782608687877655,0.8668555021286011,0.8668555021286011,0.8580118417739868,0.8580118417739868,0.71612149477005,0.5945945978164673,0.625,0.5952380895614624,0.6578947305679321,0.5855263471603394,0.7297286,0.37480715,Pytorch,2,682,0.5175953079178885,0.48240469208211145,0.3788338949669591,74,0.5135135135135135,0.4864864864864865,0.3931771532800226,0,10,0.0,0.017595307917888565,target
