test_acc,test_roc_auc,test_precision,test_recall,test_f1_score,test_false_negatives_mean,test_false_positives_mean,train_len,train_active_perc,train_inactive_perc,train_avg_tanimoto_dist,test_len,test_active_perc,test_inactive_perc,test_avg_tanimoto_dist,num_leaking_uniprot_train_test,num_leaking_smiles_train_test,perc_leaking_uniprot_train_test,perc_leaking_smiles_train_test,val_len,val_active_perc,val_inactive_perc,val_avg_tanimoto_dist,num_leaking_uniprot_train_val,num_leaking_smiles_train_val,perc_leaking_uniprot_train_val,perc_leaking_smiles_train_val,cv_models,model_type,split_type
0.5810810923576355,0.5840643048286438,0.5945945978164673,0.5789473652839661,0.5866666436195374,0.39385366,0.6405764,682,0.5175953079178885,0.48240469208211145,0.3788338949669591,74,0.5135135135135135,0.4864864864864865,0.3931771532800226,0,10,0.0,0.017595307917888565,,,,,,,,,,Pytorch,target
0.5135135054588318,0.5504385828971863,0.5249999761581421,0.5526315569877625,0.5384615659713745,0.41384926,0.80215013,586,0.5767918088737202,0.4232081911262799,0.37767819491372223,74,0.5135135135135135,0.4864864864864865,0.3931771532800226,0,9,0.0,0.01877133105802048,96.0,0.15625,0.84375,0.3858884807085922,0.0,28.0,0.0,0.07508532423208192,True,Pytorch,target
