train_loss,train_loss_step,train_loss_epoch,train_acc,train_acc_epoch,train_f1_score,train_f1_score_epoch,train_precision,train_precision_epoch,train_recall,train_recall_epoch,train_roc_auc,train_roc_auc_epoch,test_loss,test_acc,test_f1_score,test_precision,test_recall,test_roc_auc,test_false_positives_mean,test_false_negatives_mean,model_type,test_model_id,train_len,train_active_perc,train_inactive_perc,train_avg_tanimoto_dist,test_len,test_active_perc,test_inactive_perc,test_avg_tanimoto_dist,num_leaking_uniprot_train_test,num_leaking_smiles_train_test,perc_leaking_uniprot_train_test,perc_leaking_smiles_train_test,split_type
0.6787305474281311,0.6794519424438477,0.6787305474281311,0.6710719466209412,0.6710719466209412,0.7516629695892334,0.7516629695892334,0.619744062423706,0.619744062423706,0.9549295902252197,0.9549295902252197,0.7520564794540405,0.7520564794540405,0.6940457224845886,0.46666666865348816,0.6296296119689941,0.4722222089767456,0.9444444179534912,0.5990028381347656,0.51483464,0.49499875,Pytorch,0,681,0.5212922173274597,0.4787077826725404,0.37677520705770307,75,0.48,0.52,0.41167879605189306,20,0,0.6005873715124816,0.0,similarity
0.6812734603881836,0.6763326525688171,0.6812734603881836,0.6754772663116455,0.6754772663116455,0.7558010816574097,0.7558010816574097,0.6218181848526001,0.6218181848526001,0.9633802771568298,0.9633802771568298,0.736178994178772,0.736178994178772,0.6959553956985474,0.46666666865348816,0.6296296119689941,0.4722222089767456,0.9444444179534912,0.4871794581413269,0.51726,0.49538922,Pytorch,1,681,0.5212922173274597,0.4787077826725404,0.37677520705770307,75,0.48,0.52,0.41167879605189306,20,0,0.6005873715124816,0.0,similarity
0.4159390330314636,0.38617610931396484,0.4159390330314636,0.8281938433647156,0.8281938433647156,0.8408163189888,0.8408163189888,0.8131579160690308,0.8131579160690308,0.8704225420951843,0.8704225420951843,0.9093148112297058,0.9093148112297058,0.4921623766422272,0.7733333110809326,0.7301587462425232,0.8518518805503845,0.6388888955116272,0.8774929046630859,0.6834957,0.4290754,Pytorch,2,681,0.5212922173274597,0.4787077826725404,0.37677520705770307,75,0.48,0.52,0.41167879605189306,20,0,0.6005873715124816,0.0,similarity
