test_loss,test_acc,test_f1_score,test_hp_metric,test_opt_score,test_precision,test_recall,test_roc_auc,disabled_embeddings,model_type,split_type
0.696547269821167,0.5058823823928833,0.4615384638309479,0.5058823823928833,0.9674208164215088,0.5625,0.3913043439388275,0.5295429229736328,disabled e3,Pytorch,uniprot
0.7043803334236145,0.5176470875740051,0.6019417643547058,0.5176470875740051,1.119588851928711,0.5438596606254578,0.6739130616188049,0.5114269852638245,disabled poi,Pytorch,uniprot
0.6978566646575928,0.6352941393852234,0.6804123520851135,0.6352941393852234,1.315706491470337,0.6470588445663452,0.717391312122345,0.6390746831893921,disabled cell,Pytorch,uniprot
0.7096101641654968,0.6117647290229797,0.6915887594223022,0.6117647290229797,1.3033535480499268,0.6065573692321777,0.804347813129425,0.5275919437408447,disabled smiles,Pytorch,uniprot
0.6954959034919739,0.5764706134796143,0.5263158082962036,0.5764706134796143,1.1027864217758179,0.6666666865348816,0.43478259444236755,0.6061872839927673,disabled e3 cell,Pytorch,uniprot
0.6943250298500061,0.4588235318660736,0.11538461595773697,0.4588235318660736,0.57420814037323,0.5,0.06521739065647125,0.5760869383811951,disabled poi e3 cell,Pytorch,uniprot
