test_loss,test_acc,test_f1_score,test_hp_metric,test_opt_score,test_precision,test_recall,test_roc_auc,model_type,test_model_id,test_len,test_active_perc,test_inactive_perc,split_type
8.496355056762695,0.3529411852359772,0.23255814611911774,0.3529411852359772,0.5854993462562561,0.14705882966518402,0.5555555820465088,0.432539701461792,Pytorch,0,51,0.17647058823529413,0.8235294117647058,e3_ligase
0.8146350383758545,0.7647058963775635,0.4000000059604645,0.7647058963775635,1.1647058725357056,0.3636363744735718,0.4444444477558136,0.6931217312812805,Pytorch,1,51,0.17647058823529413,0.8235294117647058,e3_ligase
1.268193006515503,0.8235294222831726,0.4000000059604645,0.8235294222831726,1.2235294580459595,0.5,0.3333333432674408,0.6640211343765259,Pytorch,2,51,0.17647058823529413,0.8235294117647058,e3_ligase
