test_loss,test_acc,test_f1_score,test_hp_metric,test_opt_score,test_precision,test_recall,test_roc_auc,model_type,test_model_id,test_len,test_active_perc,test_inactive_perc,split_type
0.5995527505874634,0.7441860437393188,0.7659574747085571,0.7441860437393188,1.510143518447876,0.6666666865348816,0.8999999761581421,0.7961956262588501,Pytorch,0,86,0.46511627906976744,0.5348837209302325,random
0.6586064696311951,0.6860465407371521,0.7272727489471436,0.6860465407371521,1.4133193492889404,0.6101694703102112,0.8999999761581421,0.7804347276687622,Pytorch,1,86,0.46511627906976744,0.5348837209302325,random
0.6181215643882751,0.7093023061752319,0.7422680258750916,0.7093023061752319,1.4515702724456787,0.6315789222717285,0.8999999761581421,0.7614130973815918,Pytorch,2,86,0.46511627906976744,0.5348837209302325,random
