test_loss,test_acc,test_f1_score,test_hp_metric,test_opt_score,test_precision,test_recall,test_roc_auc,disabled_embeddings,model_type,split_type
0.4013279676437378,0.8117647171020508,0.7948718070983887,0.8117647171020508,1.6066365242004395,0.7560975551605225,0.837837815284729,0.9042792916297913,disabled e3,Pytorch,tanimoto
0.5011405348777771,0.8235294222831726,0.8275862336158752,0.8235294222831726,1.6511156558990479,0.7200000286102295,0.9729729890823364,0.8820382356643677,disabled poi,Pytorch,tanimoto
0.47872093319892883,0.800000011920929,0.7848101258277893,0.800000011920929,1.5848101377487183,0.738095223903656,0.837837815284729,0.8738738298416138,disabled cell,Pytorch,tanimoto
0.49394741654396057,0.7647058963775635,0.75,0.7647058963775635,1.5147058963775635,0.6976743936538696,0.8108108043670654,0.8856981992721558,disabled smiles,Pytorch,tanimoto
0.4148431122303009,0.8117647171020508,0.8181818127632141,0.8117647171020508,1.6299464702606201,0.7058823704719543,0.9729729890823364,0.9132882952690125,disabled e3 cell,Pytorch,tanimoto
0.5390303730964661,0.8235294222831726,0.8275862336158752,0.8235294222831726,1.6511156558990479,0.7200000286102295,0.9729729890823364,0.8443130254745483,disabled poi e3 cell,Pytorch,tanimoto
