test_loss,test_acc,test_f1_score,test_hp_metric,test_opt_score,test_precision,test_recall,test_roc_auc,model_type,test_model_id,test_len,test_active_perc,test_inactive_perc,split_type
0.5370103120803833,0.7647058963775635,0.7560975551605225,0.7647058963775635,1.520803451538086,0.6888889074325562,0.837837815284729,0.860360324382782,Pytorch,0,85,0.43529411764705883,0.5647058823529412,tanimoto
0.4919094443321228,0.8470588326454163,0.8311688303947449,0.8470588326454163,1.6782276630401611,0.800000011920929,0.8648648858070374,0.897522509098053,Pytorch,1,85,0.43529411764705883,0.5647058823529412,tanimoto
0.44878140091896057,0.8352941274642944,0.8205128312110901,0.8352941274642944,1.6558070182800293,0.7804877758026123,0.8648648858070374,0.8817567825317383,Pytorch,2,85,0.43529411764705883,0.5647058823529412,tanimoto
