test_loss,test_acc,test_f1_score,test_hp_metric,test_opt_score,test_precision,test_recall,test_roc_auc,model_type,test_model_id,test_len,test_active_perc,test_inactive_perc,split_type
0.6939805746078491,0.5647059082984924,0.6407766938209534,0.5647059082984924,1.2054826021194458,0.5789473652839661,0.717391312122345,0.5529542565345764,Pytorch,0,85,0.5411764705882353,0.4588235294117647,uniprot
0.7012037038803101,0.5882353186607361,0.6666666865348816,0.5882353186607361,1.2549020051956177,0.5932203531265259,0.760869562625885,0.5830546021461487,Pytorch,1,85,0.5411764705882353,0.4588235294117647,uniprot
0.6916987895965576,0.6352941393852234,0.6930692791938782,0.6352941393852234,1.3283634185791016,0.6363636255264282,0.760869562625885,0.6159420609474182,Pytorch,2,85,0.5411764705882353,0.4588235294117647,uniprot
