test_loss,test_acc,test_f1_score,test_hp_metric,test_opt_score,test_precision,test_recall,test_roc_auc,disabled_embeddings,model_type,split_type
0.9607148766517639,0.5490196347236633,0.4390243887901306,0.5490196347236633,0.988044023513794,0.28125,1.0,0.7248677015304565,disabled e3,Pytorch,e3_ligase
2.3196070194244385,0.8627451062202454,0.3636363744735718,0.8627451062202454,1.226381540298462,1.0,0.2222222238779068,0.658730149269104,disabled poi,Pytorch,e3_ligase
2.219512462615967,0.3529411852359772,0.2978723347187042,0.3529411852359772,0.6508135199546814,0.18421052396297455,0.7777777910232544,0.6349206566810608,disabled cell,Pytorch,e3_ligase
3.057213068008423,0.5098039507865906,0.3243243098258972,0.5098039507865906,0.8341282606124878,0.2142857164144516,0.6666666865348816,0.6269841194152832,disabled smiles,Pytorch,e3_ligase
1.0339778661727905,0.45098039507865906,0.3913043439388275,0.45098039507865906,0.8422847390174866,0.2432432472705841,1.0,0.8015873432159424,disabled e3 cell,Pytorch,e3_ligase
1.1485345363616943,0.4117647111415863,0.3181818127632141,0.4117647111415863,0.729946494102478,0.20000000298023224,0.7777777910232544,0.5793651342391968,disabled poi e3 cell,Pytorch,e3_ligase
