test_loss,test_acc,test_f1_score,test_hp_metric,test_opt_score,test_precision,test_recall,test_roc_auc,disabled_embeddings,model_type,split_type
0.6475912928581238,0.7441860437393188,0.7659574747085571,0.7441860437393188,1.510143518447876,0.6666666865348816,0.8999999761581421,0.832065224647522,disabled e3,Pytorch,random
0.7120705246925354,0.6860465407371521,0.7272727489471436,0.6860465407371521,1.4133193492889404,0.6101694703102112,0.8999999761581421,0.7804348468780518,disabled poi,Pytorch,random
0.6146817207336426,0.7093023061752319,0.7368420958518982,0.7093023061752319,1.4461443424224854,0.6363636255264282,0.875,0.782336950302124,disabled cell,Pytorch,random
0.6358291506767273,0.6744186282157898,0.7254902124404907,0.6744186282157898,1.3999087810516357,0.5967742204666138,0.925000011920929,0.7682064771652222,disabled smiles,Pytorch,random
0.648286759853363,0.6976743936538696,0.717391312122345,0.6976743936538696,1.4150657653808594,0.6346153616905212,0.824999988079071,0.812771737575531,disabled e3 cell,Pytorch,random
0.7243248224258423,0.6511628031730652,0.6666666865348816,0.6511628031730652,1.3178294897079468,0.6000000238418579,0.75,0.7111413478851318,disabled poi e3 cell,Pytorch,random
