test_acc,test_roc_auc,test_precision,test_recall,test_f1_score,test_false_positives_mean,test_false_negatives_mean,model_type,test_model_id,train_len,train_active_perc,train_inactive_perc,train_avg_tanimoto_dist,test_len,test_active_perc,test_inactive_perc,test_avg_tanimoto_dist,num_leaking_uniprot_train_test,num_leaking_smiles_train_test,perc_leaking_uniprot_train_test,perc_leaking_smiles_train_test,split_type
0.868421052631579,0.9106029106029105,0.8372093023255814,0.9230769230769231,0.878048780487805,0.7287403,0.12505327,XGBoost,0,680,0.5176470588235295,0.4823529411764706,0.380247676548314,76,0.5131578947368421,0.4868421052631579,0.38015007443860815,31,25,0.7911764705882353,0.0661764705882353,standard
0.8157894736842105,0.9009009009009008,0.7906976744186046,0.8717948717948718,0.8292682926829267,0.68793213,0.21750107,XGBoost,1,680,0.5176470588235295,0.4823529411764706,0.380247676548314,76,0.5131578947368421,0.4868421052631579,0.38015007443860815,31,25,0.7911764705882353,0.0661764705882353,standard
0.8289473684210527,0.9071379071379072,0.8095238095238095,0.8717948717948718,0.8395061728395062,0.72016346,0.20546897,XGBoost,2,680,0.5176470588235295,0.4823529411764706,0.380247676548314,76,0.5131578947368421,0.4868421052631579,0.38015007443860815,31,25,0.7911764705882353,0.0661764705882353,standard
