eta,max_depth,min_child_weight,gamma,subsample,colsample_bytree,split_type
0.0003909297324645824,10,0.02772706382382402,0.013472251723498242,0.6497437858094152,0.511963797481668,tanimoto
