eta,max_depth,min_child_weight,gamma,subsample,colsample_bytree,split_type
0.09897481782631351,9,0.013528331107569241,0.00021751702633316536,0.8515055417289903,0.6308579178041999,random
