test_acc,test_roc_auc,test_precision,test_recall,test_f1_score,model_type,test_model_id,train_len,train_active_perc,train_inactive_perc,train_avg_tanimoto_dist,test_len,test_active_perc,test_inactive_perc,test_avg_tanimoto_dist,num_leaking_uniprot_train_test,num_leaking_smiles_train_test,perc_leaking_uniprot_train_test,perc_leaking_smiles_train_test,split_type
0.7529411764705882,0.8355855855855856,0.8333333333333334,0.5405405405405406,0.6557377049180328,XGBoost,0,772,0.5181347150259067,0.48186528497409326,0.37254018872057115,85,0.43529411764705883,0.5647058823529412,0.4199408355934975,22,0,0.5699481865284974,0.0,tanimoto
0.7647058823529411,0.8277027027027027,0.84,0.5675675675675675,0.6774193548387097,XGBoost,1,772,0.5181347150259067,0.48186528497409326,0.37254018872057115,85,0.43529411764705883,0.5647058823529412,0.4199408355934975,22,0,0.5699481865284974,0.0,tanimoto
0.6941176470588235,0.7595720720720721,0.72,0.4864864864864865,0.5806451612903226,XGBoost,2,772,0.5181347150259067,0.48186528497409326,0.37254018872057115,85,0.43529411764705883,0.5647058823529412,0.4199408355934975,22,0,0.5699481865284974,0.0,tanimoto
