model_type,fold,train_len,val_len,train_perc,val_perc,train_active_perc,train_inactive_perc,train_avg_tanimoto_dist,val_active_perc,val_inactive_perc,val_avg_tanimoto_dist,num_leaking_uniprot_train_val,num_leaking_smiles_train_val,perc_leaking_uniprot_train_val,perc_leaking_smiles_train_val,train_unique_groups,val_unique_groups,val_acc,val_roc_auc,val_precision,val_recall,val_f1_score,split_type
XGBoost,0,660,112,0.8549222797927462,0.14507772020725387,0.5151515151515151,0.48484848484848486,0.3746007479534539,0.5357142857142857,0.4642857142857143,0.36039760752679745,28,0,0.7287878787878788,0.0,93,18,0.8214285714285714,0.875,0.8125,0.8666666666666667,0.8387096774193549,tanimoto
XGBoost,1,589,183,0.7629533678756477,0.23704663212435234,0.49745331069609505,0.5025466893039049,0.37328997944169634,0.5846994535519126,0.41530054644808745,0.3701269278749823,38,0,0.8896434634974533,0.0,85,26,0.8688524590163934,0.9074028529267093,0.8952380952380953,0.8785046728971962,0.8867924528301887,tanimoto
XGBoost,2,616,156,0.7979274611398963,0.20207253886010362,0.5422077922077922,0.4577922077922078,0.3703905895057365,0.4230769230769231,0.5769230769230769,0.3810283497227386,34,0,0.8766233766233766,0.0,89,22,0.8397435897435898,0.9265993265993266,0.7733333333333333,0.8787878787878788,0.8226950354609929,tanimoto
XGBoost,3,598,174,0.7746113989637305,0.22538860103626943,0.5284280936454849,0.47157190635451507,0.3724501237416547,0.4827586206896552,0.5172413793103449,0.37284972238374353,40,0,0.9214046822742475,0.0,85,26,0.7816091954022989,0.8880952380952382,0.7446808510638298,0.8333333333333334,0.7865168539325842,tanimoto
XGBoost,4,625,147,0.8095854922279793,0.19041450777202074,0.5072,0.4928,0.3718624545530267,0.564625850340136,0.43537414965986393,0.3754217115417634,35,0,0.9024,0.0,92,19,0.6802721088435374,0.7752259036144579,0.7307692307692307,0.6867469879518072,0.7080745341614907,tanimoto
