test_acc,test_roc_auc,test_precision,test_recall,test_f1,model_type,split_type
0.4470588266849518,0.4871794581413269,0.48148149251937866,0.28260868787765503,0.3561643958091736,XGBoost,uniprot
