eta,max_depth,min_child_weight,gamma,subsample,colsample_bytree,split_type
0.025539815768524328,3,0.05181032489922842,0.007489838472488754,0.5145765328507538,0.8837309795480788,uniprot
