eta,max_depth,min_child_weight,gamma,subsample,colsample_bytree,split_type
0.0849474829223868,10,0.005620564105423639,0.002064660205602516,0.8438576164388889,0.6260632841379359,similarity
