test_acc,test_roc_auc,test_precision,test_recall,test_f1_score,model_type,test_model_id,train_len,train_active_perc,train_inactive_perc,train_avg_tanimoto_dist,test_len,test_active_perc,test_inactive_perc,test_avg_tanimoto_dist,num_leaking_uniprot_train_test,num_leaking_smiles_train_test,perc_leaking_uniprot_train_test,perc_leaking_smiles_train_test,split_type
0.7674418604651163,0.8793478260869565,0.7,0.875,0.7777777777777777,XGBoost,0,771,0.5149156939040207,0.48508430609597925,0.3768059369269877,86,0.46511627906976744,0.5348837209302325,0.38114673659326254,34,44,0.8326848249027238,0.10246433203631647,random
0.7906976744186046,0.8842391304347825,0.7115384615384616,0.925,0.8043478260869567,XGBoost,1,771,0.5149156939040207,0.48508430609597925,0.3768059369269877,86,0.46511627906976744,0.5348837209302325,0.38114673659326254,34,44,0.8326848249027238,0.10246433203631647,random
0.7674418604651163,0.8820652173913044,0.6923076923076923,0.9,0.7826086956521738,XGBoost,2,771,0.5149156939040207,0.48508430609597925,0.3768059369269877,86,0.46511627906976744,0.5348837209302325,0.38114673659326254,34,44,0.8326848249027238,0.10246433203631647,random
