model_type,fold,train_len,val_len,train_perc,val_perc,train_active_perc,train_inactive_perc,train_avg_tanimoto_dist,val_active_perc,val_inactive_perc,val_avg_tanimoto_dist,num_leaking_uniprot_train_val,num_leaking_smiles_train_val,perc_leaking_uniprot_train_val,perc_leaking_smiles_train_val,train_unique_groups,val_unique_groups,val_acc,val_roc_auc,val_precision,val_recall,val_f1_score,val_false_positives_mean,val_false_negatives_mean,split_type
XGBoost,0,577,105,0.8460410557184751,0.15395894428152493,0.5337954939341422,0.4662045060658579,0.3811528054302723,0.42857142857142855,0.5714285714285714,0.36609092984951386,0,34,0.0,0.09878682842287695,28,7,0.7619047619047619,0.8009259259259257,0.7083333333333334,0.7555555555555555,0.7311827956989247,0.50188726,0.49785993,target
XGBoost,1,491,191,0.7199413489736071,0.28005865102639294,0.4684317718940937,0.5315682281059063,0.38004491235150684,0.643979057591623,0.35602094240837695,0.3757207560360012,0,35,0.0,0.11812627291242363,27,8,0.6596858638743456,0.6733022477283597,0.7788461538461539,0.6585365853658537,0.7136563876651982,0.50242996,0.49822325,target
XGBoost,2,525,157,0.7697947214076246,0.23020527859237536,0.4876190476190476,0.5123809523809524,0.37417277467922844,0.6178343949044586,0.3821656050955414,0.3944204436998161,0,8,0.0,0.015238095238095238,30,5,0.643312101910828,0.613745704467354,0.6541353383458647,0.8969072164948454,0.7565217391304349,0.5005157,0.49968606,target
XGBoost,3,549,133,0.8049853372434017,0.19501466275659823,0.5100182149362478,0.4899817850637523,0.3810045825973974,0.5488721804511278,0.45112781954887216,0.3698736881315409,0,8,0.0,0.0273224043715847,26,9,0.6090225563909775,0.6417808219178082,0.6666666666666666,0.5753424657534246,0.6176470588235294,0.5011716,0.49948794,target
XGBoost,4,586,96,0.8592375366568915,0.14076246334310852,0.5767918088737202,0.4232081911262799,0.37767819491372223,0.15625,0.84375,0.3858884807085922,0,28,0.0,0.07508532423208192,29,6,0.46875,0.6333333333333333,0.1896551724137931,0.7333333333333333,0.30136986301369867,0.5011559,0.49913228,target
