eta,max_depth,min_child_weight,gamma,subsample,colsample_bytree,split_type
0.0002568426186716554,5,0.1554450394808863,0.0019630815772803813,0.6318014232375478,0.6006028211758115,target
