test_acc,test_roc_auc,test_precision,test_recall,test_f1_score,model_type,test_model_id,train_len,train_active_perc,train_inactive_perc,train_avg_tanimoto_dist,test_len,test_active_perc,test_inactive_perc,test_avg_tanimoto_dist,num_leaking_uniprot_train_test,num_leaking_smiles_train_test,perc_leaking_uniprot_train_test,perc_leaking_smiles_train_test,split_type
0.631578947368421,0.6202090592334495,0.6511627906976745,0.6829268292682927,0.6666666666666667,XGBoost,0,702,0.4985754985754986,0.5014245014245015,0.3773037092764296,76,0.5394736842105263,0.4605263157894737,0.38995890217026696,0,6,0.0,0.011396011396011397,target
0.5131578947368421,0.48571428571428577,0.5833333333333334,0.34146341463414637,0.43076923076923085,XGBoost,1,702,0.4985754985754986,0.5014245014245015,0.3773037092764296,76,0.5394736842105263,0.4605263157894737,0.38995890217026696,0,6,0.0,0.011396011396011397,target
0.5,0.5881533101045296,0.5428571428571428,0.4634146341463415,0.5,XGBoost,2,702,0.4985754985754986,0.5014245014245015,0.3773037092764296,76,0.5394736842105263,0.4605263157894737,0.38995890217026696,0,6,0.0,0.011396011396011397,target
