model_type,fold,train_len,val_len,train_perc,val_perc,train_active_perc,train_inactive_perc,train_avg_tanimoto_dist,val_active_perc,val_inactive_perc,val_avg_tanimoto_dist,num_leaking_uniprot_train_val,num_leaking_smiles_train_val,perc_leaking_uniprot_train_val,perc_leaking_smiles_train_val,val_acc,val_roc_auc,val_precision,val_recall,val_f1_score,val_false_positives_mean,val_false_negatives_mean,split_type
XGBoost,0,544,136,0.8,0.2,0.5183823529411765,0.48161764705882354,0.379775554718515,0.5147058823529411,0.4852941176470588,0.38213616386751004,37,44,0.8713235294117647,0.13786764705882354,0.8088235294117647,0.8681818181818182,0.782051282051282,0.8714285714285714,0.8243243243243245,0.74604934,0.26383188,standard
XGBoost,1,544,136,0.8,0.2,0.5183823529411765,0.48161764705882354,0.3802905057660483,0.5147058823529411,0.4852941176470588,0.3800763596773769,39,49,0.8952205882352942,0.14705882352941177,0.7941176470588235,0.8939393939393938,0.8088235294117647,0.7857142857142857,0.7971014492753622,0.68756866,0.27228224,standard
XGBoost,2,544,136,0.8,0.2,0.5183823529411765,0.48161764705882354,0.3810216612325238,0.5147058823529411,0.4852941176470588,0.37715173781147504,39,46,0.8713235294117647,0.13970588235294118,0.7573529411764706,0.8699134199134199,0.7341772151898734,0.8285714285714286,0.778523489932886,0.7082406,0.26936853,standard
XGBoost,3,544,136,0.8,0.2,0.5165441176470589,0.4834558823529412,0.38005540812862576,0.5220588235294118,0.47794117647058826,0.38101675022706716,39,55,0.8841911764705882,0.16176470588235295,0.8235294117647058,0.8962080173347778,0.8405797101449275,0.8169014084507042,0.8285714285714286,0.81051165,0.29186198,standard
XGBoost,4,544,136,0.8,0.2,0.5165441176470589,0.4834558823529412,0.3800952528958573,0.5220588235294118,0.47794117647058826,0.38085737115814094,41,44,0.8952205882352942,0.13419117647058823,0.8308823529411765,0.9079089924160346,0.8076923076923077,0.8873239436619719,0.8456375838926176,0.71611255,0.32758448,standard
