model_type,fold,train_len,val_len,train_perc,val_perc,train_active_perc,train_inactive_perc,train_avg_tanimoto_dist,val_active_perc,val_inactive_perc,val_avg_tanimoto_dist,num_leaking_uniprot_train_val,num_leaking_smiles_train_val,perc_leaking_uniprot_train_val,perc_leaking_smiles_train_val,train_unique_groups,val_unique_groups,val_acc,val_roc_auc,val_precision,val_recall,val_f1_score,split_type
XGBoost,0,560,212,0.7253886010362695,0.27461139896373055,0.5446428571428571,0.45535714285714285,0.37534444049099397,0.4056603773584906,0.5943396226415094,0.37520063110196705,0,35,0.0,0.10357142857142858,24,10,0.6509433962264151,0.7279438907345883,0.5882352941176471,0.46511627906976744,0.5194805194805194,uniprot
XGBoost,1,627,145,0.8121761658031088,0.1878238341968912,0.5167464114832536,0.48325358851674644,0.37188923384282585,0.46206896551724136,0.5379310344827586,0.39007497137325375,0,28,0.0,0.06698564593301436,27,7,0.8344827586206897,0.8572522005357827,0.8115942028985508,0.835820895522388,0.823529411764706,uniprot
XGBoost,2,662,110,0.8575129533678757,0.14248704663212436,0.5060422960725075,0.49395770392749244,0.3776058279911666,0.509090909090909,0.4909090909090909,0.361457839440194,0,0,0.0,0.0,28,6,0.5545454545454546,0.6321097883597885,0.6296296296296297,0.30357142857142855,0.4096385542168675,uniprot
XGBoost,3,546,226,0.7072538860103627,0.2927461139896373,0.4835164835164835,0.5164835164835165,0.37412849321650515,0.5619469026548672,0.43805309734513276,0.37814718217859195,0,8,0.0,0.040293040293040296,27,7,0.5398230088495575,0.6226039926827328,0.6074766355140186,0.5118110236220472,0.5555555555555556,uniprot
XGBoost,4,693,79,0.8976683937823834,0.10233160621761658,0.48484848484848486,0.5151515151515151,0.37709239560392777,0.6962025316455697,0.3037974683544304,0.359625193861414,0,8,0.0,0.01443001443001443,30,4,0.7974683544303798,0.803030303030303,0.7910447761194029,0.9636363636363636,0.8688524590163933,uniprot
