test_acc,test_roc_auc,test_precision,test_recall,test_f1_score,model_type,test_model_id,train_len,train_active_perc,train_inactive_perc,train_avg_tanimoto_dist,test_len,test_active_perc,test_inactive_perc,test_avg_tanimoto_dist,num_leaking_uniprot_train_test,num_leaking_smiles_train_test,perc_leaking_uniprot_train_test,perc_leaking_smiles_train_test,split_type
0.4470588235294118,0.4994425863991081,0.4827586206896552,0.30434782608695654,0.3733333333333333,XGBoost,0,772,0.5064766839378239,0.49352331606217614,0.3753049487934892,85,0.5411764705882353,0.4588235294117647,0.39483030881358294,0,6,0.0,0.011658031088082901,uniprot
0.5176470588235295,0.48606465997770343,0.5675675675675675,0.45652173913043476,0.506024096385542,XGBoost,1,772,0.5064766839378239,0.49352331606217614,0.3753049487934892,85,0.5411764705882353,0.4588235294117647,0.39483030881358294,0,6,0.0,0.011658031088082901,uniprot
0.4117647058823529,0.5,0.4411764705882353,0.32608695652173914,0.375,XGBoost,2,772,0.5064766839378239,0.49352331606217614,0.3753049487934892,85,0.5411764705882353,0.4588235294117647,0.39483030881358294,0,6,0.0,0.011658031088082901,uniprot
