eta,max_depth,min_child_weight,gamma,subsample,colsample_bytree,split_type
0.08832474521683996,10,0.07096105064739644,0.000151277856418902,0.5555582935373905,0.5780117882358519,standard
