model_type,fold,train_len,val_len,train_perc,val_perc,train_active_perc,train_inactive_perc,train_avg_tanimoto_dist,val_active_perc,val_inactive_perc,val_avg_tanimoto_dist,num_leaking_uniprot_train_val,num_leaking_smiles_train_val,perc_leaking_uniprot_train_val,perc_leaking_smiles_train_val,train_unique_groups,val_unique_groups,val_acc,val_roc_auc,val_precision,val_recall,val_f1_score,val_false_positives_mean,val_false_negatives_mean,split_type
XGBoost,0,571,110,0.8384728340675477,0.16152716593245228,0.5271453590192644,0.47285464098073554,0.3776363795329507,0.4909090909090909,0.509090909090909,0.3723049390270994,34,0,0.7880910683012259,0.0,47,13,0.8181818181818182,0.873015873015873,0.7575757575757576,0.9259259259259259,0.8333333333333334,0.7920426,0.23308828,similarity
XGBoost,1,546,135,0.801762114537445,0.19823788546255505,0.5347985347985348,0.4652014652014652,0.37584542972031687,0.4666666666666667,0.5333333333333333,0.3805356398444647,38,0,0.8443223443223443,0.0,50,10,0.7851851851851852,0.8470017636684304,0.7931034482758621,0.7301587301587301,0.7603305785123967,0.6961832,0.19195272,similarity
XGBoost,2,534,147,0.7841409691629956,0.21585903083700442,0.49625468164794007,0.5037453183520599,0.3806992193119814,0.6122448979591837,0.3877551020408163,0.36252063192991624,33,0,0.7883895131086143,0.0,46,14,0.782312925170068,0.8545808966861599,0.8020833333333334,0.8555555555555555,0.8279569892473118,0.7364006,0.27865675,similarity
XGBoost,3,563,118,0.8267254038179148,0.17327459618208516,0.5150976909413855,0.4849023090586146,0.37546347430845795,0.5508474576271186,0.4491525423728814,0.3830337285646946,31,0,0.7886323268206039,0.0,51,9,0.7288135593220338,0.8496371552975327,0.8113207547169812,0.6615384615384615,0.7288135593220341,0.7502967,0.32185867,similarity
XGBoost,4,510,171,0.748898678414097,0.2511013215859031,0.5333333333333333,0.4666666666666667,0.3741458186986574,0.4853801169590643,0.5146198830409356,0.38461724251450563,40,0,0.907843137254902,0.0,46,14,0.8070175438596491,0.8756845564074479,0.8048780487804879,0.7951807228915663,0.8,0.7129154,0.29466385,similarity
