eta,max_depth,min_child_weight,gamma,subsample,colsample_bytree,split_type
0.09950727066936704,4,0.007288349656110733,0.00011563729621757215,0.6272037731649666,0.5395846504059335,target
