model_type,fold,train_len,val_len,train_perc,val_perc,train_active_perc,train_inactive_perc,train_avg_tanimoto_dist,val_active_perc,val_inactive_perc,val_avg_tanimoto_dist,num_leaking_uniprot_train_val,num_leaking_smiles_train_val,perc_leaking_uniprot_train_val,perc_leaking_smiles_train_val,val_acc,val_roc_auc,val_precision,val_recall,val_f1_score,split_type
XGBoost,0,616,155,0.7989623865110247,0.20103761348897536,0.5146103896103896,0.48538961038961037,0.3764747567290648,0.5161290322580645,0.4838709677419355,0.378122111132927,41,60,0.8863636363636364,0.1461038961038961,0.8387096774193549,0.9171666666666667,0.8160919540229885,0.8875,0.8502994011976048,random
XGBoost,1,617,154,0.8002594033722439,0.19974059662775617,0.513776337115073,0.4862236628849271,0.3773716328024738,0.5194805194805194,0.4805194805194805,0.3745394800752027,43,71,0.9205834683954619,0.1880064829821718,0.8831168831168831,0.9592905405405404,0.8604651162790697,0.925,0.891566265060241,random
XGBoost,2,617,154,0.8002594033722439,0.19974059662775617,0.5153970826580226,0.4846029173419773,0.37657201417310066,0.512987012987013,0.487012987012987,0.37774314692145766,43,54,0.9141004862236629,0.14424635332252836,0.8766233766233766,0.9179746835443039,0.8947368421052632,0.8607594936708861,0.8774193548387097,random
XGBoost,3,617,154,0.8002594033722439,0.19974059662775617,0.5153970826580226,0.4846029173419773,0.376067795433057,0.512987012987013,0.487012987012987,0.3797632960292948,38,69,0.8768233387358185,0.1620745542949757,0.8831168831168831,0.9373839662447258,0.8588235294117647,0.9240506329113924,0.8902439024390243,random
XGBoost,4,617,154,0.8002594033722439,0.19974059662775617,0.5153970826580226,0.4846029173419773,0.37754294873841293,0.512987012987013,0.487012987012987,0.37385310389030396,40,70,0.9108589951377634,0.1766612641815235,0.8831168831168831,0.9392405063291138,0.8588235294117647,0.9240506329113924,0.8902439024390243,random
