test_acc,test_roc_auc,test_precision,test_recall,test_f1_score,test_false_positives_mean,test_false_negatives_mean,model_type,test_model_id,train_len,train_active_perc,train_inactive_perc,train_avg_tanimoto_dist,test_len,test_active_perc,test_inactive_perc,test_avg_tanimoto_dist,num_leaking_uniprot_train_test,num_leaking_smiles_train_test,perc_leaking_uniprot_train_test,perc_leaking_smiles_train_test,split_type
0.8266666666666667,0.8988603988603989,0.8108108108108109,0.8333333333333334,0.8219178082191781,0.6242744,0.21482486,XGBoost,0,681,0.5212922173274597,0.4787077826725404,0.37677520705770307,75,0.48,0.52,0.41167879605189306,20,0,0.6005873715124816,0.0,similarity
0.8533333333333334,0.9031339031339032,0.8571428571428571,0.8333333333333334,0.8450704225352113,0.6715892,0.23526518,XGBoost,1,681,0.5212922173274597,0.4787077826725404,0.37677520705770307,75,0.48,0.52,0.41167879605189306,20,0,0.6005873715124816,0.0,similarity
0.8266666666666667,0.8896011396011396,0.8285714285714286,0.8055555555555556,0.8169014084507044,0.64997596,0.27087435,XGBoost,2,681,0.5212922173274597,0.4787077826725404,0.37677520705770307,75,0.48,0.52,0.41167879605189306,20,0,0.6005873715124816,0.0,similarity
