test_acc,test_roc_auc,test_precision,test_recall,test_f1_score,test_false_positives_mean,test_false_negatives_mean,model_type,test_model_id,train_len,train_active_perc,train_inactive_perc,train_avg_tanimoto_dist,test_len,test_active_perc,test_inactive_perc,test_avg_tanimoto_dist,num_leaking_uniprot_train_test,num_leaking_smiles_train_test,perc_leaking_uniprot_train_test,perc_leaking_smiles_train_test,split_type
0.527027027027027,0.5730994152046783,0.5263157894736842,0.7894736842105263,0.631578947368421,0.5010112,0.49908936,XGBoost,0,682,0.5175953079178885,0.48240469208211145,0.3788338949669591,74,0.5135135135135135,0.4864864864864865,0.3931771532800226,0,10,0.0,0.017595307917888565,target
0.5135135135135135,0.605263157894737,0.5227272727272727,0.6052631578947368,0.5609756097560975,0.5006854,0.49922034,XGBoost,1,682,0.5175953079178885,0.48240469208211145,0.3788338949669591,74,0.5135135135135135,0.4864864864864865,0.3931771532800226,0,10,0.0,0.017595307917888565,target
0.47297297297297297,0.577485380116959,0.4883720930232558,0.5526315789473685,0.5185185185185185,0.500874,0.4993255,XGBoost,2,682,0.5175953079178885,0.48240469208211145,0.3788338949669591,74,0.5135135135135135,0.4864864864864865,0.3931771532800226,0,10,0.0,0.017595307917888565,target
